Year,Region,Market_Size_Billions,Growth_Rate_Percent,Market_Segment
2023,North America,145.5,4.2,Management Consulting
2023,Europe,98.3,3.8,Management Consulting
2023,Asia Pacific,65.4,8.5,Management Consulting
2023,Middle East Africa,12.2,6.2,Management Consulting
2023,Latin America,6.25,4.8,Management Consulting
2024,North America,151.6,4.2,Management Consulting
2024,Europe,102.1,3.8,Management Consulting
2024,Asia Pacific,70.9,8.5,Management Consulting
2024,Middle East Africa,13.0,6.2,Management Consulting
2024,Latin America,6.5,4.8,Management Consulting
2025,North America,157.9,4.2,Management Consulting
2025,Europe,106.0,3.8,Management Consulting
2025,Asia Pacific,76.9,8.5,Management Consulting
2025,Middle East Africa,13.8,6.2,Management Consulting
2025,Latin America,6.8,4.8,Management Consulting
2030,North America,192.4,4.2,Management Consulting
2030,Europe,129.1,3.8,Management Consulting
2030,Asia Pacific,113.6,8.5,Management Consulting
2030,Middle East Africa,18.5,6.2,Management Consulting
2030,Latin America,8.7,4.8,Management Consulting
2033,North America,218.9,4.2,Management Consulting
2033,Europe,146.9,3.8,Management Consulting
2033,Asia Pacific,148.3,8.5,Management Consulting
2033,Middle East Africa,23.2,6.2,Management Consulting
2033,Latin America,10.5,4.8,Management Consulting
